{"cameraMode":{"drawMode":0,"name":"Shaded","section":"Shading Mode"},"sceneLighting":false,"audioPlay":false,"sceneViewState":{"showFog":true,"showMaterialUpdate":false,"showSkybox":false,"showFlares":true,"showImageEffects":true,"showParticleSystems":true},"in2DMode":false,"pivot":{"x":667.5283203125,"y":295.95599365234377,"z":509.2725830078125},"rotation":{"x":0.15363630652427674,"y":0.3488743007183075,"z":-0.05809240788221359,"w":0.922663688659668},"size":878.108154296875,"orthographic":false}